<?xml version="1.0" encoding="UTF-8"?>
<Transformation name="umlTOrdbms" source="uml" target="rdbms">
	<relation name="PackageToSchema">
		<obj name="p" href="_pXZ9wKS6EduN8Krm-aC8vQ" refname="myPackage" model="uml"/>
		<obj name="s" href="myPackage" model="rdbms" op="c"/>
	</relation>
	<relation name="ClassToTable">
		<obj name="c" href="_pXZ9waS6EduN8Krm-aC8vQ" refname="Library" model="uml"/>
		<obj name="p" href="_pXZ9wKS6EduN8Krm-aC8vQ" refname="myPackage" model="uml"/>
		<obj name="t" href="Library" model="rdbms" op="c"/>
		<obj name="cl" href="Library_tid" model="rdbms" op="c"/>
		<obj name="k" href="Library_pk" model="rdbms" op="c"/>
		<obj name="s" href="myPackage" model="rdbms"/>
	</relation>
	<relation name="AttributeToColumn">
		<primitiveDomain name="prefix" href="Library"/>
		<obj name="c" href="_pXZ9waS6EduN8Krm-aC8vQ" refname="Library" model="uml"/>
		<obj name="t" href="Library" model="rdbms"/>
	</relation>
	<relation name="AssocToFKey">
		<obj name="a" href="_pXjuyKS6EduN8Krm-aC8vQ" refname="LibraryToMedium" model="uml"/>
		<obj name="p" href="_pXZ9wKS6EduN8Krm-aC8vQ" refname="myPackage" model="uml"/>
		<obj name="sc" href="_pXZ9waS6EduN8Krm-aC8vQ" refname="Library" model="uml"/>
		<obj name="dc" href="_pXjuwKS6EduN8Krm-aC8vQ" refname="Medium" model="uml"/>
		<obj name="fk" href="Library_LibraryToMedium_Medium" model="rdbms" op="c"/>
		<obj name="destTbl" href="Medium" model="rdbms"/>
		<obj name="srcTbl" href="Library" model="rdbms"/>
		<obj name="s" href="myPackage" model="rdbms"/>
	</relation>
	<relation name="ClassToTable">
		<obj name="c" href="_pXjuwKS6EduN8Krm-aC8vQ" refname="Medium" model="uml"/>
		<obj name="p" href="_pXZ9wKS6EduN8Krm-aC8vQ" refname="myPackage" model="uml"/>
		<obj name="t" href="Medium" model="rdbms" op="c"/>
		<obj name="cl" href="Medium_tid" model="rdbms" op="c"/>
		<obj name="k" href="Medium_pk" model="rdbms" op="c"/>
		<obj name="s" href="myPackage" model="rdbms"/>
	</relation>
	<relation name="AttributeToColumn">
		<primitiveDomain name="prefix" href="Medium"/>
		<obj name="c" href="_pXjuwKS6EduN8Krm-aC8vQ" refname="Medium" model="uml"/>
		<obj name="t" href="Medium" model="rdbms"/>
	</relation>
	<relation name="ComplexAttributeToColumn">
		<primitiveDomain name="prefix" href="Medium"/>
		<obj name="a" href="_pXjuwaS6EduN8Krm-aC8vQ" refname="author" model="uml"/>
		<obj name="c" href="_pXjuwKS6EduN8Krm-aC8vQ" refname="Medium" model="uml"/>
		<obj name="tc" href="_pXjuxaS6EduN8Krm-aC8vQ" refname="Author" model="uml"/>
		<obj name="t" href="Medium" model="rdbms"/>
	</relation>
	<relation name="AttributeToColumn">
		<primitiveDomain name="prefix" href="Medium_author"/>
		<obj name="c" href="_pXjuxaS6EduN8Krm-aC8vQ" refname="Author" model="uml"/>
		<obj name="t" href="Medium" model="rdbms"/>
	</relation>
	<relation name="PrimitiveAttributeToColumn">
		<primitiveDomain name="prefix" href="Medium_author"/>
		<obj name="a" href="_pXjuxqS6EduN8Krm-aC8vQ" refname="name" model="uml"/>
		<obj name="p" href="_pXjuyqS6EduN8Krm-aC8vQ" refname="STRING" model="uml"/>
		<obj name="c" href="_pXjuxaS6EduN8Krm-aC8vQ" refname="Author" model="uml"/>
		<obj name="t" href="Medium" model="rdbms"/>
		<obj name="cl" href="Medium_author_name" model="rdbms" op="c"/>
	</relation>
	<relation name="ClassToTable">
		<obj name="c" href="_pXjuwqS6EduN8Krm-aC8vQ" refname="DVD" model="uml"/>
		<obj name="p" href="_pXZ9wKS6EduN8Krm-aC8vQ" refname="myPackage" model="uml"/>
		<obj name="t" href="DVD" model="rdbms" op="c"/>
		<obj name="cl" href="DVD_tid" model="rdbms" op="c"/>
		<obj name="k" href="DVD_pk" model="rdbms" op="c"/>
		<obj name="s" href="myPackage" model="rdbms"/>
	</relation>
	<relation name="AttributeToColumn">
		<primitiveDomain name="prefix" href="DVD"/>
		<obj name="c" href="_pXjuwqS6EduN8Krm-aC8vQ" refname="DVD" model="uml"/>
		<obj name="t" href="DVD" model="rdbms"/>
	</relation>
	<relation name="SuperAttributeToColumn">
		<primitiveDomain name="prefix" href="DVD"/>
		<obj name="c" href="_pXjuwqS6EduN8Krm-aC8vQ" refname="DVD" model="uml"/>
		<obj name="sc" href="_pXjuwKS6EduN8Krm-aC8vQ" refname="Medium" model="uml"/>
		<obj name="t" href="DVD" model="rdbms"/>
	</relation>
	<relation name="AttributeToColumn">
		<primitiveDomain name="prefix" href="DVD"/>
		<obj name="c" href="_pXjuwKS6EduN8Krm-aC8vQ" refname="Medium" model="uml"/>
		<obj name="t" href="DVD" model="rdbms"/>
	</relation>
	<relation name="ComplexAttributeToColumn">
		<primitiveDomain name="prefix" href="DVD"/>
		<obj name="a" href="_pXjuwaS6EduN8Krm-aC8vQ" refname="author" model="uml"/>
		<obj name="c" href="_pXjuwKS6EduN8Krm-aC8vQ" refname="Medium" model="uml"/>
		<obj name="tc" href="_pXjuxaS6EduN8Krm-aC8vQ" refname="Author" model="uml"/>
		<obj name="t" href="DVD" model="rdbms"/>
	</relation>
	<relation name="AttributeToColumn">
		<primitiveDomain name="prefix" href="DVD_author"/>
		<obj name="c" href="_pXjuxaS6EduN8Krm-aC8vQ" refname="Author" model="uml"/>
		<obj name="t" href="DVD" model="rdbms"/>
	</relation>
	<relation name="PrimitiveAttributeToColumn">
		<primitiveDomain name="prefix" href="DVD_author"/>
		<obj name="a" href="_pXjuxqS6EduN8Krm-aC8vQ" refname="name" model="uml"/>
		<obj name="p" href="_pXjuyqS6EduN8Krm-aC8vQ" refname="STRING" model="uml"/>
		<obj name="c" href="_pXjuxaS6EduN8Krm-aC8vQ" refname="Author" model="uml"/>
		<obj name="t" href="DVD" model="rdbms"/>
		<obj name="cl" href="DVD_author_name" model="rdbms" op="c"/>
	</relation>
	<relation name="ClassToTable">
		<obj name="c" href="_pXjuw6S6EduN8Krm-aC8vQ" refname="Book" model="uml"/>
		<obj name="p" href="_pXZ9wKS6EduN8Krm-aC8vQ" refname="myPackage" model="uml"/>
		<obj name="t" href="Book" model="rdbms" op="c"/>
		<obj name="cl" href="Book_tid" model="rdbms" op="c"/>
		<obj name="k" href="Book_pk" model="rdbms" op="c"/>
		<obj name="s" href="myPackage" model="rdbms"/>
	</relation>
	<relation name="AttributeToColumn">
		<primitiveDomain name="prefix" href="Book"/>
		<obj name="c" href="_pXjuw6S6EduN8Krm-aC8vQ" refname="Book" model="uml"/>
		<obj name="t" href="Book" model="rdbms"/>
	</relation>
	<relation name="PrimitiveAttributeToColumn">
		<primitiveDomain name="prefix" href="Book"/>
		<obj name="a" href="_pXjuxKS6EduN8Krm-aC8vQ" refname="numberOfPages" model="uml"/>
		<obj name="p" href="_pXjuyaS6EduN8Krm-aC8vQ" refname="INTEGER" model="uml"/>
		<obj name="c" href="_pXjuw6S6EduN8Krm-aC8vQ" refname="Book" model="uml"/>
		<obj name="t" href="Book" model="rdbms"/>
		<obj name="cl" href="Book_numberOfPages" model="rdbms" op="c"/>
	</relation>
	<relation name="SuperAttributeToColumn">
		<primitiveDomain name="prefix" href="Book"/>
		<obj name="c" href="_pXjuw6S6EduN8Krm-aC8vQ" refname="Book" model="uml"/>
		<obj name="sc" href="_pXjuwKS6EduN8Krm-aC8vQ" refname="Medium" model="uml"/>
		<obj name="t" href="Book" model="rdbms"/>
	</relation>
	<relation name="AttributeToColumn">
		<primitiveDomain name="prefix" href="Book"/>
		<obj name="c" href="_pXjuwKS6EduN8Krm-aC8vQ" refname="Medium" model="uml"/>
		<obj name="t" href="Book" model="rdbms"/>
	</relation>
	<relation name="ComplexAttributeToColumn">
		<primitiveDomain name="prefix" href="Book"/>
		<obj name="a" href="_pXjuwaS6EduN8Krm-aC8vQ" refname="author" model="uml"/>
		<obj name="c" href="_pXjuwKS6EduN8Krm-aC8vQ" refname="Medium" model="uml"/>
		<obj name="tc" href="_pXjuxaS6EduN8Krm-aC8vQ" refname="Author" model="uml"/>
		<obj name="t" href="Book" model="rdbms"/>
	</relation>
	<relation name="AttributeToColumn">
		<primitiveDomain name="prefix" href="Book_author"/>
		<obj name="c" href="_pXjuxaS6EduN8Krm-aC8vQ" refname="Author" model="uml"/>
		<obj name="t" href="Book" model="rdbms"/>
	</relation>
	<relation name="PrimitiveAttributeToColumn">
		<primitiveDomain name="prefix" href="Book_author"/>
		<obj name="a" href="_pXjuxqS6EduN8Krm-aC8vQ" refname="name" model="uml"/>
		<obj name="p" href="_pXjuyqS6EduN8Krm-aC8vQ" refname="STRING" model="uml"/>
		<obj name="c" href="_pXjuxaS6EduN8Krm-aC8vQ" refname="Author" model="uml"/>
		<obj name="t" href="Book" model="rdbms"/>
		<obj name="cl" href="Book_author_name" model="rdbms" op="c"/>
	</relation>
	<relation name="ClassToTable">
		<obj name="c" href="_pXjuxaS6EduN8Krm-aC8vQ" refname="Author" model="uml"/>
		<obj name="p" href="_pXZ9wKS6EduN8Krm-aC8vQ" refname="myPackage" model="uml"/>
		<obj name="t" href="Author" model="rdbms" op="c"/>
		<obj name="cl" href="Author_tid" model="rdbms" op="c"/>
		<obj name="k" href="Author_pk" model="rdbms" op="c"/>
		<obj name="s" href="myPackage" model="rdbms"/>
	</relation>
	<relation name="AttributeToColumn">
		<primitiveDomain name="prefix" href="Author"/>
		<obj name="c" href="_pXjuxaS6EduN8Krm-aC8vQ" refname="Author" model="uml"/>
		<obj name="t" href="Author" model="rdbms"/>
	</relation>
	<relation name="PrimitiveAttributeToColumn">
		<primitiveDomain name="prefix" href="Author"/>
		<obj name="a" href="_pXjuxqS6EduN8Krm-aC8vQ" refname="name" model="uml"/>
		<obj name="p" href="_pXjuyqS6EduN8Krm-aC8vQ" refname="STRING" model="uml"/>
		<obj name="c" href="_pXjuxaS6EduN8Krm-aC8vQ" refname="Author" model="uml"/>
		<obj name="t" href="Author" model="rdbms"/>
		<obj name="cl" href="Author_name" model="rdbms" op="c"/>
	</relation>
</Transformation>
